{"zoom":49,"iters":25900,"magShift":4,"cx":".fec000000dd30a80.0000000000000000","cy":".ffffefeed287dec0.0000000000000000","words":2}