{"zoom":1007,"iters":3500,"magShift":4,"cx":".fe7fa0000000008d.31ce000003500cd8.0019f06e3f5ff393.3f3209819a03d28a.080040001ab8e6e3.fb800601c01802ff.7ee52b02f0800002.7de49ffffebb8910.a7ff27ffffea7dee.9fff71c802f13cff.8ce81fffffcf9fff.fd7eeffcfb7b3b2f.82f212645a6274c5.7225ffebd3d63ef1.a40bd3cb0e003eff.5a64ab408ec65800","cy":".ffffffffffffffff.ffffffffffffd001.dc7a1e8bff5dc0ef.77e4f7fec745dbcc.ad9bfeece009007d.a977ff6067f94fff.17e80dca015725cb.60bc49c68608010f.bd80006140dffeef.c6cf78e8fee2fc78.6b57d15dda1fffb2.f23fbd934369d9af.eac0a6245e47b481.66177f4dd254f0fe.ebde08473862fdf3.71547f55365c2e00","words":18,"zoomBits":[[47,64],[48,128],[112,192],[176,256],[239,320],[303,384],[367,448],[431,512],[495,576],[559,640],[623,704],[687,768],[751,832],[815,896],[879,960],[943,1024]]}