{"zoom":115,"iters":500,"magShift":4,"cx":".fe7fa0000000008d.31ce000003500cc0.0000000000000000","cy":".ffffffffffffffff.ffffffffffffd000.0000000000000000","words":3,"zoomBits":[[47,64],[48,128],[112,192]]}
