{"zoom":1000,"iters":14000,"magShift":1,"cx":".fe0000ecdfabcdcd.36fa3c882ddfeeed.704f1299229ca41d.516b2c395b8b1d2e.3c6d1f533347d8af.e4ecae088195c443.04ffd160fa819cd8.d48827c084cc353f.c3aae51e850e46dc.a0cba8f441284b07.850069286bb50aa3.8b4cbc91dd8eea7c.2f1bebdf54a52018.75a8349c2368b320.830591f190e6792d.25d2c6e34e330800","cy":".ffffffffffffc186.082b2da470cc8c94.fbf359b14c1dd0a0.d8325ccadcea50ae.3de7bfcb63332156.5634da4063a13a6a.4dba8d2407b7cc7b.837ba9444401a7c5.104f2a139ec8c765.2f851a00ae547849.21eac480c24bb7ea.1d90254bd3fc2058.6f42377b802b2603.f843a890b5d112bc.4769ccaf9c74c73a.4eef733c34dec500","words":16}